CREATE TABLE ACTOR (
ACT_ID INT (5) PRIMARY KEY,
ACT_NAME VARCHAR (20),
ACT_GENDER CHAR (1));

CREATE TABLE DIRECTOR (
DIR_ID INT (5) PRIMARY KEY,
DIR_NAME VARCHAR (20),
DIR_PHONE BIGINT);

CREATE TABLE MOVIES
(MOV_ID INT (5) PRIMARY KEY,
MOV_TITLE VARCHAR (50),
MOV_YEAR INT (4),
MOV_LANG VARCHAR (20),
DIR_ID INT (5),
FOREIGN KEY (DIR_ID) REFERENCES DIRECTOR(DIR_ID));

CREATE TABLE MOVIES_CAST (
ACT_ID INT (5),
MOV_ID INT (5),
ROLE VARCHAR (20),
PRIMARY KEY (ACT_ID, MOV_ID),
FOREIGN KEY (ACT_ID) REFERENCES ACTOR (ACT_ID),
FOREIGN KEY (MOV_ID) REFERENCES MOVIES (MOV_ID));

CREATE TABLE RATING (
MOV_ID INT (5) PRIMARY KEY,
REV_STARS VARCHAR (25),
FOREIGN KEY (MOV_ID) REFERENCES MOVIES (MOV_ID));

INSERT INTO ACTOR VALUES (1,'MADHURI DIXIT','F');
INSERT INTO ACTOR VALUES (2,'KARTIK ARYAN','M');
INSERT INTO ACTOR VALUES (3,'AKSHAY KUMAR','F');
INSERT INTO ACTOR VALUES (4,'SHAHRUKH KHAN','F');

INSERT INTO DIRECTOR VALUES(100,'NITESH TIWARI',9887675456);
INSERT INTO DIRECTOR VALUES(102,'ALAN',9567879877);
INSERT INTO DIRECTOR VALUES(103,'CHRISTOPHER NOLAN',9236364698);
INSERT INTO DIRECTOR VALUES(104,'IMTIAZ ALI',7886699773);
INSERT INTO DIRECTOR VALUES (105,'HITCHCOCK',7766879765);
INSERT INTO DIRECTOR VALUES (106,'STEVEN SPIELBERG',8997788732);

INSERT INTO MOVIES VALUES (501,'TANHAJI',2017,'HINDI',104);
INSERT INTO MOVIES VALUES (502,'PK',2014,'HINDI',103);
INSERT INTO MOVIES VALUES (503,'OMG', 2013,'HINDI', 100);
INSERT INTO MOVIES VALUES (504,'IRON MAN',2008,'ENGLISH',102);
INSERT INTO MOVIES VALUES (505,'AVATAR',2010,'ENGLISH',106);
INSERT INTO MOVIES VALUES (506,'BRIDGE OF SPIES',2015,'ENGLISH', 106);
INSERT INTO MOVIES VALUES (507,'VERTIGO',1943,'ENGLISH',105);

INSERT INTO MOVIES_CAST VALUES (1, 501,'HEROINE');
INSERT INTO MOVIES_CAST VALUES (1, 502,'HERO');
INSERT INTO MOVIES_CAST VALUES (3, 503,'COMEDIAN');
INSERT INTO MOVIES_CAST VALUES (4, 504,'GUEST');
INSERT INTO MOVIES_CAST VALUES (4, 501,'HERO');

INSERT INTO RATING VALUES (501, 3);
INSERT INTO RATING VALUES (502, 2);
INSERT INTO RATING VALUES (503, 5);
INSERT INTO RATING VALUES (504, 2);
INSERT INTO RATING VALUES (505, 3);
INSERT INTO RATING VALUES (506, 4);

Queries:
SELECT MOV_TITLE FROM MOVIES M, DIRECTOR D WHERE M.DIR_ID=D.DIR_ID
AND DIR_NAME='HITCHCOCK';

SELECT MOV_TITLE FROM MOVIES M,MOVIES_CAST MV
WHERE M.MOV_ID=MV.MOV_ID AND ACT_ID IN(SELECT ACT_ID FROM
MOVIES_CAST GROUP BY ACT_ID HAVING COUNT(ACT_ID)>1) GROUP BY
MOV_TITLE HAVING COUNT(*)>1;

SELECT ACT_NAME, MOV_TITLE, MOV_YEAR FROM ACTOR A JOIN
MOVIES_CAST C ON A.ACT_ID=C.ACT_ID INNER JOIN MOVIES M
ON C.MOV_ID=M.MOV_ID WHERE M.MOV_YEAR NOT BETWEEN 2000 AND 2015;

SELECT MOV_TITLE,MAX(REV_STARS) FROM MOVIES M ,RATING R WHERE
M.MOV_ID=R.MOV_ID GROUP BY MOV_TITLE HAVING MAX(REV_STARS)>0 ORDER
BY MOV_TITLE;

UPDATE RATING R, MOVIES M, DIRECTOR D SET REV_STARS=5 WHERE
R.MOV_ID=M.MOV_ID AND M.DIR_ID=D.DIR_ID AND DIR_NAME='STEVEN
SPIELBERG';
